{
    "components": [
        {
            "cachedName": "LWJGL 2",
            "cachedVersion": "2.9.4-nightly-20150209",
            "cachedVolatile": true,
            "dependencyOnly": true,
            "uid": "org.lwjgl",
            "version": "2.9.4-nightly-20150209"
        },
        {
            "cachedName": "Minecraft",
            "cachedRequires": [
                {
                    "suggests": "2.9.4-nightly-20150209",
                    "uid": "org.lwjgl"
                }
            ],
            "cachedVersion": "b1.7.3",
            "important": true,
            "uid": "net.minecraft",
            "version": "b1.7.3"
        },
        {
            "cachedName": "----- ModLoader -----",
            "cachedVersion": "1",
            "uid": "org.multimc.custom.modloader"
        },
        {
            "cachedName": "ModLoader_B1.7.3_b173 (jar mod)",
            "uid": "org.multimc.jarmod.e7e5d5ae-782f-4493-ba8b-3b1d7040666f"
        },
        {
            "cachedName": "ModLoaderMp_1.7.3_Unofficial_b173 (jar mod)",
            "uid": "org.multimc.jarmod.2b868c11-74ce-4aa6-b869-6da4f7a2f7ee"
        },
        {
            "cachedName": "----- APIs -----",
            "cachedVersion": "1",
            "uid": "org.multimc.custom.apis"
        },
        {
            "cachedName": "[Beta 1.7.3] OverrideAPI v1.1 (jar mod)",
            "uid": "org.multimc.jarmod.308b8bad-7e8a-470a-ab19-7bb9ccc3f666"
        },
        {
            "cachedName": "GuiAPI0.10.4-1.7_b173 (jar mod)",
            "uid": "org.multimc.jarmod.638ffd77-4eb5-4ddd-aad1-4e47101f732c"
        },
        {
            "cachedName": "PlayerAPI_v1.7_b173 (jar mod)",
            "uid": "org.multimc.jarmod.d46dd0fb-e67a-466d-a683-6ec5a3f4a9d3"
        },
        {
            "cachedName": "----- Patches -----",
            "cachedVersion": "1",
            "uid": "org.multimc.custom.patches"
        },
        {
            "cachedName": "overrideapi_sarcasm_patch (jar mod)",
            "uid": "org.multimc.jarmod.28c213d6-3851-4711-ac29-587d12ee28c1"
        },
        {
            "cachedName": "----- Fixes -----",
            "cachedVersion": "1",
            "uid": "org.multimc.custom.fixes"
        },
        {
            "cachedName": "AnnoyanceFix (jar mod)",
            "uid": "org.multimc.jarmod.3941af6e-7bbc-4b21-8c74-69c79bfeda39"
        },
        {
            "cachedName": "Audio403Fix_b173 (jar mod)",
            "uid": "org.multimc.jarmod.59e3e226-a0ec-430f-b941-18b3935403fb"
        },
        {
            "cachedName": "BitDepthFix (jar mod)",
            "uid": "org.multimc.jarmod.42132dd6-fa76-486b-a96d-5a5b9e9a7bb8"
        },
        {
            "cachedName": "SkinFixUni_v1.0_b173 (jar mod)",
            "uid": "org.multimc.jarmod.28dfdba8-0b1a-4206-b1c3-2f87b13cf07a"
        },
        {
            "cachedName": "Slab_Crash_Fix_b173 (jar mod)",
            "uid": "org.multimc.jarmod.b29fe8bd-69b3-41f7-9aeb-0a0efd73540a"
        },
        {
            "cachedName": "----- Tools -----",
            "cachedVersion": "1",
            "uid": "org.multimc.custom.tools"
        },
        {
            "cachedName": "b1.7.3 HowManyItems v4.2.0 (jar mod)",
            "uid": "org.multimc.jarmod.432de6ae-92b9-47ef-9008-46b9cafd88d7"
        },
        {
            "cachedName": "BlockHelper-1.2.0-b1.7.3-client (jar mod)",
            "uid": "org.multimc.jarmod.06ff77b2-d0e2-41ec-b100-89a43417f040"
        },
        {
            "cachedName": "mod_PhotoMode (jar mod)",
            "uid": "org.multimc.jarmod.49346e53-625e-46ff-833b-83480865d79f"
        },
        {
            "cachedName": "ReiMinimap_v1.8_b173 (jar mod)",
            "uid": "org.multimc.jarmod.e0028eb6-5e57-4fed-97ad-abe9f69bae4b"
        },
        {
            "cachedName": "SinglePlayerCommands_v2.11.1_b173 (jar mod)",
            "uid": "org.multimc.jarmod.5e1bbf4b-a6ba-4315-b06a-a8a16ae1143a"
        },
        {
            "cachedName": "----- Tweaks -----",
            "cachedVersion": "1",
            "uid": "org.multimc.custom.tweaks"
        },
        {
            "cachedName": "BetaTweaks_v1.2.2_CLIENT_b173 (jar mod)",
            "uid": "org.multimc.jarmod.bf52365b-9e66-4d97-b1db-3fec506eb066"
        },
        {
            "cachedName": "----- Extra -----",
            "cachedVersion": "1",
            "uid": "org.multimc.custom.extra"
        },
        {
            "cachedName": "AudioMod B1.7.3 (jar mod)",
            "uid": "org.multimc.jarmod.2b602974-222c-4b35-9ceb-f0bc222cde3a"
        },
        {
            "cachedName": "minecraftforge-client-1.0.6_b173 (jar mod)",
            "uid": "org.multimc.jarmod.e9b7e9f7-b37a-48c3-8d25-c203ab886248"
        },
        {
            "cachedName": "BTW2.94-Repacked (jar mod)",
            "uid": "org.multimc.jarmod.79506622-5eea-41ad-b9a8-f7737f179a64"
        }
    ],
    "formatVersion": 1
}
