{
    "components": [
        {
            "cachedName": "LWJGL 2",
            "cachedVersion": "2.9.4-nightly-20150209",
            "cachedVolatile": true,
            "dependencyOnly": true,
            "uid": "org.lwjgl",
            "version": "2.9.4-nightly-20150209"
        },
        {
            "cachedName": "Minecraft",
            "cachedRequires": [
                {
                    "suggests": "2.9.4-nightly-20150209",
                    "uid": "org.lwjgl"
                }
            ],
            "cachedVersion": "b1.7.3",
            "important": true,
            "uid": "net.minecraft",
            "version": "b1.7.3"
        },
        {
            "cachedName": "----- ModLoader -----",
            "cachedVersion": "1",
            "uid": "org.multimc.custom.modloader"
        },
        {
            "cachedName": "ModLoader_B1.7.3_b173 (jar mod)",
            "uid": "org.multimc.jarmod.e7e5d5ae-782f-4493-ba8b-3b1d7040666f"
        },
        {
            "cachedName": "ModLoaderMp_1.7.3_Unofficial_b173 (jar mod)",
            "uid": "org.multimc.jarmod.2b868c11-74ce-4aa6-b869-6da4f7a2f7ee"
        },
        {
            "cachedName": "----- OverrideAPI -----",
            "cachedVersion": "1",
            "uid": "org.multimc.custom.overrideapi"
        },
        {
            "cachedName": "[Beta 1.7.3] OverrideAPI v1.1 (jar mod)",
            "uid": "org.multimc.jarmod.308b8bad-7e8a-470a-ab19-7bb9ccc3f666"
        },
        {
            "cachedName": "----- OptiFine -----",
            "cachedVersion": "1",
            "uid": "org.multimc.custom.optifine"
        },
        {
            "cachedName": "OptiFine_1.7.3_HD_S_G (jar mod)",
            "uid": "org.multimc.jarmod.8c1d67f2-3bec-4efd-965d-dae26c6ee123"
        },
        {
            "cachedName": "OptiFine_HD_S_G_LongDistancePatchV1 (jar mod)",
            "uid": "org.multimc.jarmod.2b5e811e-1b57-4798-bf02-9676abc770a7"
        },
        {
            "cachedName": "----- Tools -----",
            "cachedVersion": "1",
            "uid": "org.multimc.custom.tools"
        },
        {
            "cachedName": "mod_PhotoMode (jar mod)",
            "uid": "org.multimc.jarmod.49346e53-625e-46ff-833b-83480865d79f"
        },
        {
            "cachedName": "ReiMinimap_v1.8_b173 (jar mod)",
            "uid": "org.multimc.jarmod.e0028eb6-5e57-4fed-97ad-abe9f69bae4b"
        },
        {
            "cachedName": "SinglePlayerCommands_v2.11.1_b173 (jar mod)",
            "uid": "org.multimc.jarmod.5e1bbf4b-a6ba-4315-b06a-a8a16ae1143a"
        },
        {
            "cachedName": "smartygui_ml_2.2_client (jar mod)",
            "uid": "org.multimc.jarmod.5a533a73-e65b-4a90-b4f3-8c4f7f1ef693"
        },
        {
            "cachedName": "TooManyItems2011_07_01_b173 (jar mod)",
            "uid": "org.multimc.jarmod.9a87a754-5816-4cdc-8163-3de3d0630f23"
        },
        {
            "cachedName": "WorldDownloader_b173 (jar mod)",
            "uid": "org.multimc.jarmod.b1f5dc2b-7ff2-43bb-bfaa-822ef682bab5"
        },
        {
            "cachedName": "----- Fixes -----",
            "cachedVersion": "1",
            "uid": "org.multimc.custom.fixes"
        },
        {
            "cachedName": "BitDepthFix (jar mod)",
            "uid": "org.multimc.jarmod.42132dd6-fa76-486b-a96d-5a5b9e9a7bb8"
        },
        {
            "cachedName": "multiplayer_jitter_fix (jar mod)",
            "uid": "org.multimc.jarmod.d3e3cd0b-fac4-4991-80b1-ecda8b739938"
        },
        {
            "cachedName": "OptiTick-1.0_b173 (jar mod)",
            "uid": "org.multimc.jarmod.82bcb248-851a-40a8-87e1-363d3e24a905"
        },
        {
            "cachedName": "SkinFixUni_v1.0_b173 (jar mod)",
            "uid": "org.multimc.jarmod.28dfdba8-0b1a-4206-b1c3-2f87b13cf07a"
        },
        {
            "cachedName": "Slab_Crash_Fix_b173 (jar mod)",
            "uid": "org.multimc.jarmod.b29fe8bd-69b3-41f7-9aeb-0a0efd73540a"
        },
        {
            "cachedName": "----- Tweaks -----",
            "cachedVersion": "1",
            "uid": "org.multimc.custom.tweaks"
        },
        {
            "cachedName": "InvTweaks-1.31_b173 (jar mod)",
            "uid": "org.multimc.jarmod.bc770582-286d-4f88-b4bb-2540225ab6b9"
        }
    ],
    "formatVersion": 1
}
