{
  "oldrod": true,
  "oldblockhit": true,
  "oldhearts": true,
  "olddmg": true,
  "oldbow": true,
  "buildandeat": true,
  "commingsoon": false,
  "animations": true,
  "lefthand": false,
  "noinvmove": false,
  "olddebug": false,
  "nobossbar": false,
  "oldeat": true,
  "itemphysic": false,
  "oldtablist": false,
  "oldswing": true,
  "oldsword": true,
  "olditemheld": true,
  "cosmetics": false,
  "olditemupdate": false,
  "invbackground": true,
  "oldfastitems": true,
  "oldcrosshair": true
}